{
    "uid": "net.minecraft",
    "+traits": [
        "legacyLaunch",
        "texturepacks"
    ],
    "releaseTime": "2012-03-30T00:00:00+02:00",
    "name": "Minecraft",
    "mainJar": {
        "downloads": {"artifact": {
            "sha1": "4a2fac7504182a97dcbcd7560c6392d7c8139928",
            "size": 4032098,
            "url": "https://launcher.mojang.com/v1/objects/4a2fac7504182a97dcbcd7560c6392d7c8139928/client.jar"
        }},
        "name": "com.mojang:minecraft:1.2.5:client"
    },
    "assetIndex": {
        "sha1": "0f01c0c32f524e80cc57e683e3ce36a1aaee7843",
        "totalSize": 42166084,
        "size": 40782,
        "id": "1.2",
        "url": "https://files.betacraft.uk/launcher/v2/assets/indexes/1.2.json"
    },
    "type": "release",
    "formatVersion": 1,
    "version": "1.2.5",
    "order": -2,
    "requires": [{
        "suggests": "2.9.4-nightly-20150209",
        "uid": "org.lwjgl"
    }]
}