{
    "components": [
        {
            "cachedName": "LWJGL 2",
            "cachedVersion": "2.9.4-nightly-20150209",
            "cachedVolatile": true,
            "dependencyOnly": true,
            "uid": "org.lwjgl",
            "version": "2.9.4-nightly-20150209"
        },
        {
            "cachedName": "Minecraft",
            "cachedRequires": [
                {
                    "suggests": "2.9.4-nightly-20150209",
                    "uid": "org.lwjgl"
                }
            ],
            "cachedVersion": "1.2.5",
            "important": true,
            "uid": "net.minecraft",
            "version": "1.2.5"
        },
        {
            "cachedName": "b1666-client (custom jar)",
            "uid": "customjar"
        }
    ],
    "formatVersion": 1
}
